{
    "__comment": "Made with TheDestruc7i0n's advancements generator: https://advancements.thedestruc7i0n.ca",
    "display": {
        "title": {
            "text": "Complicated wiring"
        },
        "description": {
            "text": "Craft a basic circuit with 4 iron plates and 5 redstone dust"
        },
        "icon": {
            "item": "minecraft:glistering_melon_slice",
            "nbt": "{CustomModelData:1}"
        },
        "frame": "task",
        "show_toast": true,
        "announce_to_chat": true,
        "hidden": false
    },
    "criteria": {
        "CommandTrigger": {
            "trigger": "minecraft:inventory_changed",
            "conditions": {
                "items": [
                    {
                        "items": ["minecraft:glistering_melon_slice"],
                        "nbt": "{basic_circuit:1b}"
                    }
                ]
            }
        }
    },
    "parent": "techstone:iron_plate"
}