{
    "__comment": "Made with TheDestruc7i0n's advancements generator: https://advancements.thedestruc7i0n.ca",
    "display": {
        "title": {
            "text": "Keep Cool"
        },
        "description": {
            "text": "Craft a heat vent"
        },
        "icon": {
            "items": ["minecraft:item_frame"],
            "nbt": "{CustomModelData:8}"
        },
        "frame": "task",
        "show_toast": true,
        "announce_to_chat": true,
        "hidden": false
    },
    "criteria": {
        "CommandTrigger": {
            "trigger": "minecraft:inventory_changed",
            "conditions": {
                "items": [
                    {
                        "items": ["minecraft:item_frame"],
                        "nbt": "{heat_vent:1b}"
                    }
                ]
            }
        }
    },
    "parent": "techstone:reactor_core"
}