{
    "__comment": "Made with TheDestruc7i0n's advancements generator: https://advancements.thedestruc7i0n.ca",
    "display": {
        "title": {
            "text": "Furnace 2.0"
        },
        "description": {
            "text": "Craft an industrial furnace"
        },
        "icon": {
            "item": "minecraft:item_frame",
            "nbt": "{CustomModelData:12}"
        },
        "frame": "task",
        "show_toast": true,
        "announce_to_chat": true,
        "hidden": false
    },
    "criteria": {
        "CommandTrigger": {
            "trigger": "minecraft:inventory_changed",
            "conditions": {
                "items": [
                    {
                        "items": ["minecraft:item_frame"],
                        "nbt": "{industrial_furnace:1b}"
                    }
                ]
            }
        }
    },
    "parent": "techstone:ores"
}