{
    "__comment": "Made with TheDestruc7i0n's advancements generator: https://advancements.thedestruc7i0n.ca",
    "display": {
        "title": {
            "text": "Revolution!"
        },
        "description": {
            "text": "Craft an industrial crafter by throwing an iron block on a crafting table"
        },
        "icon": {
            "item": "minecraft:item_frame",
            "nbt": "{CustomModelData:1}"
        },
        "frame": "task",
        "show_toast": true,
        "announce_to_chat": true,
        "hidden": false
    },
    "criteria": {
        "CommandTrigger": {
            "trigger": "minecraft:impossible"
        }
    },
    "parent": "techstone:root"
}