{
    "__comment": "Made with TheDestruc7i0n's advancements generator: https://advancements.thedestruc7i0n.ca",
    "display": {
        "title": {
            "text": "Flat Iron?"
        },
        "description": {
            "text": "Craft an iron plate by putting one iron ingot into the industrial crafter"
        },
        "icon": {
            "item": "minecraft:glistering_melon_slice",
            "nbt": "{CustomModelData:8}"
        },
        "frame": "task",
        "show_toast": true,
        "announce_to_chat": true,
        "hidden": false
    },
    "criteria": {
        "CommandTrigger": {
            "trigger": "minecraft:inventory_changed",
            "conditions": {
                "items": [
                    {
                        "item": "minecraft:glistering_melon_slice",
                        "nbt": "{iron_plate:1b}"
                    }
                ]
            }
        }
    },
    "parent": "techstone:industrial_crafter"
}