{
    "display": {
      "icon": {
        "item": "minecraft:white_banner"
      },
      "title": "Making history",
      "description": "Plant your flag on the surface of the moon"
    },
    "parent": "techstone:moon",
    "criteria": {
      "white": {
        "trigger": "minecraft:placed_block",
        "conditions": {
          "block": "minecraft:white_banner",
          "location": {
            "dimension": "minecraft:moon"
          }
        }
      },
      "yellow": {
        "trigger": "minecraft:placed_block",
        "conditions": {
          "block": "minecraft:yellow_banner",
          "location": {
            "dimension": "minecraft:moon"
          }
        }
      },
      "orange": {
        "trigger": "minecraft:placed_block",
        "conditions": {
          "block": "minecraft:orange_banner",
          "location": {
            "dimension": "minecraft:moon"
          }
        }
      },
      "red": {
        "trigger": "minecraft:placed_block",
        "conditions": {
          "block": "minecraft:red_banner",
          "location": {
            "dimension": "minecraft:moon"
          }
        }
      },
      "pink": {
        "trigger": "minecraft:placed_block",
        "conditions": {
          "block": "minecraft:pink_banner",
          "location": {
            "dimension": "minecraft:moon"
          }
        }
      },
      "magenta": {
        "trigger": "minecraft:placed_block",
        "conditions": {
          "block": "minecraft:magenta_banner",
          "location": {
            "dimension": "minecraft:moon"
          }
        }
      },
      "purple": {
        "trigger": "minecraft:placed_block",
        "conditions": {
          "block": "minecraft:purple_banner",
          "location": {
            "dimension": "minecraft:moon"
          }
        }
      },
      "blue": {
        "trigger": "minecraft:placed_block",
        "conditions": {
          "block": "minecraft:blue_banner",
          "location": {
            "dimension": "minecraft:moon"
          }
        }
      },
      "light_blue": {
        "trigger": "minecraft:placed_block",
        "conditions": {
          "block": "minecraft:light_blue_banner",
          "location": {
            "dimension": "minecraft:moon"
          }
        }
      },
      "cyan": {
        "trigger": "minecraft:placed_block",
        "conditions": {
          "block": "minecraft:cyan_banner",
          "location": {
            "dimension": "minecraft:moon"
          }
        }
      },
      "lime": {
        "trigger": "minecraft:placed_block",
        "conditions": {
          "block": "minecraft:lime_banner",
          "location": {
            "dimension": "minecraft:moon"
          }
        }
      },
      "green": {
        "trigger": "minecraft:placed_block",
        "conditions": {
          "block": "minecraft:green_banner",
          "location": {
            "dimension": "minecraft:moon"
          }
        }
      },
      "brown": {
        "trigger": "minecraft:placed_block",
        "conditions": {
          "block": "minecraft:brown_banner",
          "location": {
            "dimension": "minecraft:moon"
          }
        }
      },
      "light_gray": {
        "trigger": "minecraft:placed_block",
        "conditions": {
          "block": "minecraft:light_gray_banner",
          "location": {
            "dimension": "minecraft:moon"
          }
        }
      },
      "gray": {
        "trigger": "minecraft:placed_block",
        "conditions": {
          "block": "minecraft:gray_banner",
          "location": {
            "dimension": "minecraft:moon"
          }
        }
      },
      "black": {
        "trigger": "minecraft:placed_block",
        "conditions": {
          "block": "minecraft:black_banner",
          "location": {
            "dimension": "minecraft:moon"
          }
        }
      }
    }
  }
  