{
    "__comment": "Made with TheDestruc7i0n's advancements generator: https://advancements.thedestruc7i0n.ca",
    "display": {
        "title": {
            "text": "Ores Galore!"
        },
        "description": {
            "text": "Find tin and uranium ore by using the drill"
        },
        "icon": {
            "item": "minecraft:item_frame",
            "nbt": "{CustomModelData:17}"
        },
        "frame": "task",
        "show_toast": true,
        "announce_to_chat": true,
        "hidden": false
    },
    "criteria": {
        "CommandTrigger": {
            "trigger": "minecraft:impossible"
        }
    },
    "parent": "techstone:drill"
}