{
    "__comment": "Made with TheDestruc7i0n's advancements generator: https://advancements.thedestruc7i0n.ca",
    "display": {
        "title": {
            "text": "With Great Power Comes Great Responsibility"
        },
        "description": {
            "text": "Craft a radiation meter with a clock and 8 uranium dust in an industrial crafter"
        },
        "icon": {
            "item": "minecraft:wooden_sword",
            "nbt": "{CustomModelData:3}"
        },
        "frame": "task",
        "show_toast": true,
        "announce_to_chat": true,
        "hidden": false
    },
    "criteria": {
        "CommandTrigger": {
            "trigger": "minecraft:inventory_changed",
            "conditions": {
                "items": [
                    {
                        "item": "minecraft:wooden_sword",
                        "nbt": "{radiation_meter:1b}"
                    }
                ]
            }
        }
    },
    "parent": "techstone:reactor_core"
}