{
    "__comment": "Made with TheDestruc7i0n's advancements generator: https://advancements.thedestruc7i0n.ca",
    "display": {
        "title": {
            "text": "Techstone"
        },
        "description": {
            "text": "Open up the advancements menu for the techstone guide!"
        },
        "icon": {
            "item": "minecraft:glistering_melon_slice",
            "nbt": "{CustomModelData:1}"
        },
        "frame": "task",
        "show_toast": true,
        "announce_to_chat": true,
        "hidden": false,
        "background": "minecraft:textures/gui/advancements/backgrounds/stone.png"
    },
    "criteria": {
        "CommandTrigger": {
            "trigger": "minecraft:impossible"
        }
    }
}