{
    "__comment": "Made with TheDestruc7i0n's advancements generator: https://advancements.thedestruc7i0n.ca",
    "display": {
        "title": {
            "text": "Star Cell"
        },
        "description": {
            "text": "Craft a solar cell"
        },
        "icon": {
            "item": "minecraft:glistering_melon_slice",
            "nbt": "{CustomModelData:16}"
        },
        "frame": "task",
        "show_toast": true,
        "announce_to_chat": true,
        "hidden": false
    },
    "criteria": {
        "CommandTrigger": {
            "trigger": "minecraft:inventory_changed",
            "conditions": {
                "items": [
                    {
                        "item": "minecraft:glistering_melon_slice",
                        "nbt": "{solar_cell:1b}"
                    }
                ]
            }
        }
    },
    "parent": "techstone:windmill"
}