{
    "__comment": "Made with TheDestruc7i0n's advancements generator: https://advancements.thedestruc7i0n.ca",
    "display": {
        "title": {
            "text": "Fossil fuels"
        },
        "description": {
            "text": "Craft a thermal generator"
        },
        "icon": {
            "item": "minecraft:item_frame",
            "nbt": "{CustomModelData:10}"
        },
        "frame": "task",
        "show_toast": true,
        "announce_to_chat": true,
        "hidden": false
    },
    "criteria": {
        "CommandTrigger": {
            "trigger": "minecraft:inventory_changed",
            "conditions": {
                "items": [
                    {
                        "items": ["minecraft:item_frame"],
                        "nbt": "{thermal_generator:1b}"
                    }
                ]
            }
        }
    },
    "parent": "techstone:drill"
}