{
    "__comment": "Made with TheDestruc7i0n's advancements generator: https://advancements.thedestruc7i0n.ca",
    "display": {
        "title": {
            "text": "Uranium Ingot"
        },
        "description": {
            "text": "Combine a steel ingot and 4 uranium dust in an alloy forge"
        },
        "icon": {
            "item": "minecraft:glistering_melon_slice",
            "nbt": "{CustomModelData:2}"
        },
        "frame": "task",
        "show_toast": true,
        "announce_to_chat": true,
        "hidden": false
    },
    "criteria": {
        "CommandTrigger": {
            "trigger": "minecraft:inventory_changed",
            "conditions": {
                "items": [
                    {
                        "item": "minecraft:glistering_melon_slice",
                        "nbt": "{uranium_ingot:1b}"
                    }
                ]
            }
        }
    },
    "parent": "techstone:alloy_forge"
}