{
  "pools": [
    {
      "rolls": 1,
      "entries": [
        {
          "type": "minecraft:item",
          "weight": 20,
          "name": "minecraft:item_frame",
          "functions": [
            {
              "function": "minecraft:set_nbt",
              "tag": "{display:{Name:'{\"text\":\"Tin Ore\",\"italic\":false}'},CustomModelData:21,tin_ore:1b,EntityTag:{Silent:1b,Tags:[\"tin_ore\"],Item:{id:\"minecraft:item_frame\",Count:1b,tag:{CustomModelData:21}},Invulnerable:1b,Invisible:1b,Fixed:1b}}"
            }
          ]
        },
        {
          "type": "minecraft:item",
          "weight": 1,
          "name": "minecraft:item_frame",
          "functions": [
            {
              "function": "minecraft:set_nbt",
              "tag": "{display:{Name:'{\"text\":\"Uranium Ore\",\"italic\":false}'},CustomModelData:17,uranium_ore:1b,EntityTag:{Silent:1b,Tags:[\"uranium_ore\"],Item:{id:\"minecraft:item_frame\",Count:1b,tag:{CustomModelData:17}},Invulnerable:1b,Invisible:1b,Fixed:1b}}"
            }
          ]
        }
      ],
      "conditions": [
        {
          "condition": "minecraft:random_chance",
          "chance": 0.1
        }
      ]
    }
  ]
}