{
    "pools": [
      {
        "rolls": 1,
        "entries": [
          {
            "type": "minecraft:item",
            "name": "minecraft:glistering_melon_slice",
            "functions": [
              {
                "function": "minecraft:set_count",
                "count": {
                  "min": 1,
                  "max": 3
                }
              },
              {
                "function": "minecraft:set_nbt",
                "tag": "{display:{Name:'{\"text\":\"Uranium Dust\",\"italic\":false}'},CustomModelData:4,uranium:1b,uranium_dust:1b}"
              }
            ]
          }
        ]
      }
    ]
  }