{
  "surface_builder": "minecraft:mercury",
  "depth": 0.125,
  "scale": 0.05,
  "temperature": 0.8,
  "downfall": 0,
  "precipitation": "none",
  "temperature_modifier": "frozen",
  "category": "desert",
  "effects": {
    "sky_color": 0,
    "fog_color": 12638463,
    "water_color": 4159204,
    "water_fog_color": 329011
  },
  "starts": [],
  "spawners": {},
  "spawn_costs": {},
  "carvers": {
    "air": [
      "minecraft:canyon"
    ]
  },
  "features": [
    [],
    [],
    [],
    [],
    [],
    [],
    [],
    [
      "minecraft:meteor_crater"
    ],
    [],
    []
  ]
}
