{
  "surface_builder": "minecraft:titan",
  "depth": 0.125,
  "scale": 0.125,
  "temperature": 0.8,
  "downfall": 0,
  "precipitation": "snow",
  "temperature_modifier": "frozen",
  "category": "desert",
  "effects": {
    "sky_color": 1310756,
    "fog_color": 1310756,
    "water_color": 4159204,
    "water_fog_color": 1310756
  },
  "starts": [],
  "spawners": {},
  "spawn_costs": {},
  "carvers": {},
  "features": [
    [],
    [],
    [],
    [],
    [],
    [],
    [],
    [],
    [],
    []
  ]
}
