{
  "surface_builder": "minecraft:venus",
  "depth": 0.125,
  "scale": 0.125,
  "temperature": 0.8,
  "downfall": 0,
  "precipitation": "none",
  "temperature_modifier": "frozen",
  "category": "desert",
  "effects": {
    "sky_color": 14208968,
    "fog_color": 12367022,
    "water_color": 4159204,
    "water_fog_color": 329011,
    "grass_color": 5653300,
    "foliage_color": 5653300,
    "particle": {
      "options": {
        "type": "minecraft:smoke"
      },
      "probability": 0.01
    }
  },
  "starts": [],
  "spawners": {},
  "spawn_costs": {},
  "carvers": {},
  "features": [
    [],
    [],
    [],
    [],
    [],
    [],
    [],
    [
      "minecraft:meteor_crater"
    ],
    [],
    []
  ]
}
