{
  "type": {
    "name": "minecraft:triton",
    "ultrawarm": true,
    "natural": true,
    "piglin_safe": false,
    "respawn_anchor_works": false,
    "bed_works": true,
    "has_raids": false,
    "has_skylight": true,
    "has_ceiling": false,
    "coordinate_scale": 22,
    "ambient_light": 0,
    "logical_height": 256,
    "infiniburn": "minecraft:infiniburn_overworld",
    "min_y": 0,
    "height": 256
  },
  "generator": {
    "type": "minecraft:noise",
    "seed": 1341929018,
    "settings": {
      "name": "minecraft:overworld",
      "bedrock_roof_position": -10,
      "bedrock_floor_position": 0,
      "sea_level": 63,
      "min_surface_level": 0,
      "disable_mob_generation": false,
      "noise_caves_enabled": false,
      "noodle_caves_enabled": false,
      "aquifers_enabled": false,
      "deepslate_enabled": false,
      "ore_veins_enabled": false,
      "default_block": {
        "Name": "minecraft:stone",
        "Properties": {
          "axis": "y"
        }
      },
      "default_fluid": {
        "Name": "minecraft:air"
      },
      "noise": {
        "min_y": 0,
        "height": 256,
        "density_factor": 1,
        "density_offset": -0.46875,
        "size_horizontal": 1,
        "size_vertical": 2,
        "simplex_surface_noise": true,
        "random_density_offset": true,
        "sampling": {
          "xz_scale": 1,
          "y_scale": 1,
          "xz_factor": 80,
          "y_factor": 160
        },
        "bottom_slide": {
          "target": -30,
          "size": 0,
          "offset": 0
        },
        "top_slide": {
          "target": -10,
          "size": 3,
          "offset": 0
        }
      },
      "structures": {
        "structures": {}
      }
    },
    "biome_source": {
      "type": "minecraft:multi_noise",
      "seed": 0,
      "altitude_noise": {
        "firstOctave": -7,
        "amplitudes": [
          1,
          1
        ]
      },
      "temperature_noise": {
        "firstOctave": -7,
        "amplitudes": [
          1,
          1
        ]
      },
      "humidity_noise": {
        "firstOctave": -7,
        "amplitudes": [
          1,
          1
        ]
      },
      "weirdness_noise": {
        "firstOctave": -7,
        "amplitudes": [
          1,
          1
        ]
      },
      "biomes": [
        {
          "biome": "minecraft:triton",
          "parameters": {
            "altitude": 0,
            "temperature": 0,
            "humidity": 0,
            "weirdness": 0,
            "offset": 0
          }
        }
      ]
    }
  }
}
